Name,Gender,Representation,Competition,Last Round,Rank,Last Round Single Time,Last Round Average Time,Completed Solves,Rounds Competed,Best Single Time,Best Average Time,Number of Competitions,Number of Competitors,Number of Penalties
Qixian Cao (曹岂娴),Female,China,Xi'an Open 2024,Final,8,5.13,6.6,269,4,4.11,5.42,17,272,0
Qixian Cao (曹岂娴),Female,China,Hangzhou Spring 2024,Final,10,6.48,6.98,269,3,4.11,5.42,17,155,0
Qixian Cao (曹岂娴),Female,China,Luoyang Spring 2024,Final,4,4.94,6.29,269,3,4.11,5.42,17,193,0
Qixian Cao (曹岂娴),Female,China,Xuzhou Open 2024,Final,8,5.89,6.85,269,3,4.11,5.42,17,187,0
Qixian Cao (曹岂娴),Female,China,Xi'an Cherry Blossom 2024,Final,2,4.88,5.71,269,3,4.11,5.42,17,191,0
Qixian Cao (曹岂娴),Female,China,Kunshan Open 2024,Final,4,5.52,6.42,269,3,4.11,5.42,17,185,0
Qixian Cao (曹岂娴),Female,China,Zibo Open 2024,Final,4,5.45,6.21,269,3,4.11,5.42,17,135,0
Qixian Cao (曹岂娴),Female,China,Guiyang Open 2024,Final,4,5.12,6.39,269,3,4.11,5.42,17,166,0
Qixian Cao (曹岂娴),Female,China,Dalian Open 2024,Final,7,5.62,6.54,269,3,4.11,5.42,17,192,0
Qixian Cao (曹岂娴),Female,China,Deqing Big Cubes Summer 2024,Final,4,5.29,6.56,269,3,4.11,5.42,17,139,0
Qixian Cao (曹岂娴),Female,China,Huizhou 10th Anniversary 2024,Final,5,6.09,6.85,269,4,4.11,5.42,17,180,1
Qixian Cao (曹岂娴),Female,China,Chengdu Summer 2024,Final,5,5.46,6.21,269,3,4.11,5.42,17,217,0
Qixian Cao (曹岂娴),Female,China,Shenzhen Nanshan Open 2024,Final,3,6.05,6.28,269,3,4.11,5.42,17,247,0
Yiheng Wang (王艺衡),Male,China,Dalian Open 2024,Final,1,4.08,4.57,2127,3,3.38,4.25,54,192,0
Yiheng Wang (王艺衡),Male,China,Warm Up at gateway kila2 2024,Final,1,4.09,4.85,2127,4,3.38,4.25,54,165,0
Yiheng Wang (王艺衡),Male,China,Deqing Small Cubes Summer 2024,Final,1,4.33,4.73,2127,3,3.38,4.25,54,144,0
Yiheng Wang (王艺衡),Male,China,Xi'an Open 2024,Final,1,4.54,4.88,2127,4,3.38,4.25,54,272,0
Yiheng Wang (王艺衡),Male,China,Australian Nationals 2024,Final,1,4.33,5.08,2127,4,3.38,4.25,54,324,0
Yiheng Wang (王艺衡),Male,China,Philippine Championship 2024,Final,1,4.33,5.04,2127,4,3.38,4.25,54,171,0
Yiheng Wang (王艺衡),Male,China,Johor Cube Open 2024,Final,1,4.2,4.91,2127,3,3.38,4.25,54,84,0
Yiheng Wang (王艺衡),Male,China,Bali Discovery Speedcubing Masters 2024,Final,1,4.19,4.79,2127,3,3.38,4.25,54,54,0
Yiheng Wang (王艺衡),Male,China,Sunway Velocity Mall Open 2024,Final,1,4.08,4.97,2127,4,3.38,4.25,54,195,0
Yiheng Wang (王艺衡),Male,China,Zibo Open 2024,Final,1,4,4.91,2127,3,3.38,4.25,54,135,0
Yiheng Wang (王艺衡),Male,China,Kunshan Open 2024,Final,1,3.66,4.91,2127,3,3.38,4.25,54,185,0
Yiheng Wang (王艺衡),Male,China,Shenyang Spring 2024,Final,1,4.31,5.05,2127,3,3.38,4.25,54,281,1
Yiheng Wang (王艺衡),Male,China,Xuzhou Open 2024,Final,1,4.65,5.37,2127,3,3.38,4.25,54,187,1
Yiheng Wang (王艺衡),Male,China,Luoyang Spring 2024,Final,2,5.12,5.94,2127,3,3.38,4.25,54,193,0
Yiheng Wang (王艺衡),Male,China,Hangzhou Spring 2024,Final,1,4,5.27,2127,3,3.38,4.25,54,155,0
Yiheng Wang (王艺衡),Male,China,Twist & Fries Johor Bahru 2024,Final,1,4.49,5.25,2127,3,3.38,4.25,54,56,1
Yiheng Wang (王艺衡),Male,China,MYHM Singapore Championship 2024,Final,1,3.47,4.6,2127,4,3.38,4.25,54,203,1
Yiheng Wang (王艺衡),Male,China,Fushun Open 2024,Final,1,4.07,5.06,2127,3,3.38,4.25,54,144,0
Max Park,Male,United States,Aliso Niguel Summer 2024,Final,1,5.31,5.75,6643,3,3.13,4.86,183,151,0
Max Park,Male,United States,Vegas Cubing Cup Summer 2024,Final,1,4.83,5.45,6643,3,3.13,4.86,183,128,0
Max Park,Male,United States,CubingUSA Western Championship 2024,Final,1,5.21,6.45,6643,4,3.13,4.86,183,217,0
Max Park,Male,United States,Rubik's WCA North American Championship 2024,Final,2,5.09,5.69,6643,4,3.13,4.86,183,847,0
Max Park,Male,United States,Nub Open Mission Viejo Summer 2024,Final,1,5.37,5.9,6643,3,3.13,4.86,183,110,0
Max Park,Male,United States,Colorado Mountain Tour - Glenwood Springs 2024,Final,1,5.4,5.8,6643,3,3.13,4.86,183,49,0
Max Park,Male,United States,Colorado Mountain Tour - Avon 2024,Final,1,5.58,6.09,6643,3,3.13,4.86,183,61,0
Max Park,Male,United States,Colorado Mountain Tour - Frisco 2024,Final,2,5.21,6.88,6643,3,3.13,4.86,183,78,0
Max Park,Male,United States,Colorado Mountain Tour - Evergreen 2024,Final,1,5.45,6.14,6643,3,3.13,4.86,183,105,0
Max Park,Male,United States,Temecula Valley Spring 2024,Final,1,5.7,6.8,6643,3,3.13,4.86,183,126,0
Max Park,Male,United States,San Diego Big Cub 2024,Final,1,4.65,5.51,6643,3,3.13,4.86,183,105,0
Max Park,Male,United States,Nub Open Yucaipa 2024,Final,1,4.44,5.79,6643,3,3.13,4.86,183,102,0
Max Park,Male,United States,Los Angeles Newcomers 2024,Final,1,5.13,5.66,6643,3,3.13,4.86,183,244,0
Max Park,Male,United States,Baja Spring 2024,Final,1,5.04,6.11,6643,3,3.13,4.86,183,78,0
Max Park,Male,United States,DFW Megacomp 2024,Final,6,6.63,7.94,6643,4,3.13,4.86,183,184,0
Max Park,Male,United States,Fullerton Winter 2024,Final,1,4.91,5.42,6643,3,3.13,4.86,183,143,0
Max Park,Male,United States,Triton Tricubealon 2024,Final,1,4.88,5.43,6643,3,3.13,4.86,183,112,0
Max Park,Male,United States,USC Cubing 2024,Final,1,4.98,5.84,6643,3,3.13,4.86,183,183,0
Max Park,Male,United States,University Heights Cubing Winter 2024,Final,1,5.26,6.57,6643,3,3.13,4.86,183,99,0
Max Park,Male,United States,UCSD Winter 2024,Final,1,4.81,5.28,6643,3,3.13,4.86,183,168,0
Luke Garrett,Male,United States,Y-Perms Near the Y-Bridge Zanesville 2024,Final,1,5.41,6.1,12856,3,3.44,5.03,218,69,0
Luke Garrett,Male,United States,Oldham County Cubing 2024,Final,1,4.83,6.61,12856,3,3.44,5.03,218,40,0
Luke Garrett,Male,United States,Rubik's WCA North American Championship 2024,Final,6,4.51,6.36,12856,4,3.44,5.03,218,847,0
Luke Garrett,Male,United States,Rubik's North America All-Stars 2024,Final,7,5.47,6.5,12856,3,3.44,5.03,218,27,0
Luke Garrett,Male,United States,Green Summer 2024,Final,1,4.42,5.98,12856,3,3.44,5.03,218,48,0
Luke Garrett,Male,United States,CubingUSA Southeast Championship 2024,Final,2,5.6,6.03,12856,4,3.44,5.03,218,359,0
Luke Garrett,Male,United States,Gem City Donut DNF 2024,Final,1,4.2,6.11,12856,3,3.44,5.03,218,66,0
Luke Garrett,Male,United States,Northern Kentucky 2024,Final,1,5.15,5.85,12856,3,3.44,5.03,218,112,0
Luke Garrett,Male,United States,CubingUSA Heartland Championship 2024,Final,5,6.17,7.6,12856,3,3.44,5.03,218,101,0
Luke Garrett,Male,United States,Ohio State Summer 2024,Final,1,5.33,5.68,12856,3,3.44,5.03,218,53,0
Luke Garrett,Male,United States,Chicago Area Twist Spring B 2024,Final,1,5.46,6.42,12856,3,3.44,5.03,218,153,0
Luke Garrett,Male,United States,Country Roads Huntington 2024,Final,1,4.62,6.22,12856,3,3.44,5.03,218,57,0
Luke Garrett,Male,United States,Countless Cubes Chicagoland B 2024,Final,1,5.67,6.58,12856,2,3.44,5.03,218,45,0
Luke Garrett,Male,United States,Minxville Indiana 2024,Final,1,4.76,6.37,12856,3,3.44,5.03,218,80,0
Luke Garrett,Male,United States,Cubicle Day Oxford 2024,Final,1,4.93,5.81,12856,3,3.44,5.03,218,30,1
Luke Garrett,Male,United States,Cincinnati Speed Solving 2024,Final,1,4.95,5.46,12856,3,3.44,5.03,218,112,0
Luke Garrett,Male,United States,Ohio State Spring 2024,Final,1,5.05,6.94,12856,2,3.44,5.03,218,67,0
Luke Garrett,Male,United States,Circle City Cubing 2024,Final,1,5.29,6.52,12856,3,3.44,5.03,218,70,0
Luke Garrett,Male,United States,Solar Eclipse in Sycamore 2024,Final,1,4.76,5.73,12856,3,3.44,5.03,218,96,0
Luke Garrett,Male,United States,Michigan Mega Madness 2024,Final,1,5.24,6.29,12856,3,3.44,5.03,218,75,0
Luke Garrett,Male,United States,Ohio State RPAC Cube Clash 2024,Final,4,6.03,7.62,12856,4,3.44,5.03,218,126,1
Luke Garrett,Male,United States,Naperville Winter 2024,Final,1,4.84,5.66,12856,3,3.44,5.03,218,77,0
Luke Garrett,Male,United States,Little Giant Open 2024,Final,1,4.65,5.98,12856,2,3.44,5.03,218,86,0
Luke Garrett,Male,United States,Washtenaw Newcomers 2024,Final,1,4.89,5.65,12856,3,3.44,5.03,218,96,0
Luke Garrett,Male,United States,Bloomington Open 2024,Final,1,5.04,5.95,12856,3,3.44,5.03,218,55,0
Luke Garrett,Male,United States,Eastwood Cubing 2024,Final,1,4.68,6.04,12856,3,3.44,5.03,218,108,1
Luke Garrett,Male,United States,TN Speedsolving Winter 2024,Final,1,5.24,5.75,12856,3,3.44,5.03,218,114,1
Luke Garrett,Male,United States,Gem City First in Flight 2024,Final,1,5.4,5.94,12856,3,3.44,5.03,218,67,0
Luke Garrett,Male,United States,Honolulu Liʻiliʻi a ʻIke Maka 2024,Final,2,5.92,6.33,12856,3,3.44,5.03,218,72,0
Luke Garrett,Male,United States,Nimble Hands in Noblesville 2024,Final,1,4.69,5.87,12856,3,3.44,5.03,218,78,0
Luke Garrett,Male,United States,Megamania in Louisville 2024,Final,1,5.26,5.91,12856,2,3.44,5.03,218,61,0
Luke Garrett,Male,United States,Milwaukee Cubing Mania 2024,Final,1,4.71,5.34,12856,3,3.44,5.03,218,109,1
Aaron Huynh,Male,United States,Battle at Fort Hays KS 2024,Final,1,6.06,6.63,1440,3,3.46,5.63,32,26,0
Aaron Huynh,Male,United States,KS Air Capital Cubing 2024,Final,1,5.73,7.1,1440,3,3.46,5.63,32,54,0
Aaron Huynh,Male,United States,KCKC 5 Fast and Furious 2024,Final,1,3.46,6.57,1440,3,3.46,5.63,32,82,0
Aaron Huynh,Male,United States,CubingUSA Heartland Championship 2024,Final,2,6.72,6.99,1440,3,3.46,5.63,32,101,1
Aaron Huynh,Male,United States,Missouri Summer Kickoff 2024,Final,1,6.11,6.33,1440,3,3.46,5.63,32,87,0
Yusheng Du (杜宇生),Male,China,Dalian Open 2024,Final,16,7.77,DNF,3236,3,3.47,5.86,72,192,3
Yusheng Du (杜宇生),Male,China,Deqing Big Cubes Summer 2024,Final,10,4.78,7.32,3236,3,3.47,5.86,72,139,0
Yusheng Du (杜宇生),Male,China,Xi'an Open 2024,Semi Final,15,6.31,7.09,3236,3,3.47,5.86,72,272,0
Yusheng Du (杜宇生),Male,China,Shenzhen Nanshan Open 2024,Final,4,5.29,6.51,3236,3,3.47,5.86,72,247,0
Yusheng Du (杜宇生),Male,China,Guiyang Open 2024,Second Round,11,6.17,7.39,3236,2,3.47,5.86,72,166,0
Yusheng Du (杜宇生),Male,China,Kunshan Open 2024,Final,10,5.6,8.33,3236,3,3.47,5.86,72,185,1
Yusheng Du (杜宇生),Male,China,Huzhou Open 2024,Final,4,6.63,7.14,3236,3,3.47,5.86,72,186,1
Yusheng Du (杜宇生),Male,China,Fushun Open 2024,Final,20,6.17,DNF,3236,3,3.47,5.86,72,144,2
Xuanyi Geng (耿暄一),Male,China,Dalian Open 2024,Final,2,4.69,5.63,322,3,3.54,4.81,20,192,1
Xuanyi Geng (耿暄一),Male,China,Deqing Small Cubes Summer 2024,Final,2,4.85,5.14,322,3,3.54,4.81,20,144,0
Xuanyi Geng (耿暄一),Male,China,Xi'an Open 2024,Final,2,4.23,5.26,322,4,3.54,4.81,20,272,0
Xuanyi Geng (耿暄一),Male,China,Huizhou 10th Anniversary 2024,Final,1,4.3,5.29,322,4,3.54,4.81,20,180,0
Xuanyi Geng (耿暄一),Male,China,Chengdu Summer 2024,Final,2,4.86,5.56,322,3,3.54,4.81,20,217,0
Xuanyi Geng (耿暄一),Male,China,Shenzhen Nanshan Open 2024,Final,1,5.25,5.99,322,3,3.54,4.81,20,247,0
Xuanyi Geng (耿暄一),Male,China,Tianjin Open 2024,Final,2,4.49,5.69,322,3,3.54,4.81,20,190,0
Xuanyi Geng (耿暄一),Male,China,Guiyang Open 2024,Final,1,4.84,5.17,322,3,3.54,4.81,20,166,1
Xuanyi Geng (耿暄一),Male,China,Zibo Open 2024,Final,3,4.86,5.64,322,3,3.54,4.81,20,135,0
Xuanyi Geng (耿暄一),Male,China,Nanchang Spring 2024,Final,3,4.58,5.77,322,3,3.54,4.81,20,138,0
Xuanyi Geng (耿暄一),Male,China,Kunshan Open 2024,Final,2,5.28,5.29,322,3,3.54,4.81,20,185,0
Xuanyi Geng (耿暄一),Male,China,Xi'an Cherry Blossom 2024,Final,1,5.02,5.48,322,3,3.54,4.81,20,191,0
Xuanyi Geng (耿暄一),Male,China,Xuzhou Open 2024,Final,2,4.87,5.67,322,3,3.54,4.81,20,187,0
Xuanyi Geng (耿暄一),Male,China,Luoyang Spring 2024,Final,3,5.22,6.21,322,3,3.54,4.81,20,193,0
Xuanyi Geng (耿暄一),Male,China,Hangzhou Spring 2024,Final,4,4.64,5.63,322,3,3.54,4.81,20,155,0
Matty Hiroto Inaba,Male,United States,CubingUSA Southern Championship 2024,Final,1,5.58,6.08,2635,4,3.59,5.1,56,182,0
Matty Hiroto Inaba,Male,United States,Rubik's WCA North American Championship 2024,Final,4,5.02,6.19,2635,4,3.59,5.1,56,847,0
Matty Hiroto Inaba,Male,United States,Rubik's North America All-Stars 2024,Final,2,4.76,5.35,2635,3,3.59,5.1,56,27,0
Matty Hiroto Inaba,Male,United States,CubingUSA Northwest Championship 2024,Final,1,4.36,5.36,2635,4,3.59,5.1,56,256,0
Matty Hiroto Inaba,Male,United States,Bay Area Speedcubin' 63 - Atherton 2024,Final,1,3.59,5.51,2635,4,3.59,5.1,56,239,0
Matty Hiroto Inaba,Male,United States,New Jersey Championship 2024,Final,1,5.2,5.78,2635,4,3.59,5.1,56,195,0
Matty Hiroto Inaba,Male,United States,Honolulu Kupulau 2024,Final,1,4.79,5.68,2635,3,3.59,5.1,56,54,0
Matty Hiroto Inaba,Male,United States,Lakewood Newcomers 2024,Final,2,5.59,6.61,2635,3,3.59,5.1,56,153,1
Matty Hiroto Inaba,Male,United States,Hawaiʻi Big Island Winter 2024,Final,1,4.61,5.8,2635,3,3.59,5.1,56,38,0
Matty Hiroto Inaba,Male,United States,Honolulu Liʻiliʻi a ʻIke Maka 2024,Final,1,5.22,5.86,2635,3,3.59,5.1,56,72,0
Matty Hiroto Inaba,Male,United States,Bay Area Speedcubin' 55 - San Ramon 2024,Final,1,4.6,5.41,2635,3,3.59,5.1,56,132,0
Tymon Kolasiński,Male,Poland,Kewbz UK Open 2024,Final,1,4.28,5.25,7365,4,3.66,4.74,150,337,0
Tymon Kolasiński,Male,Poland,Rubik's WCA European Championship 2024,Final,1,5.42,5.92,7365,4,3.66,4.74,150,1136,0
Tymon Kolasiński,Male,Poland,Rubik's WCA North American Championship 2024,Final,1,4.64,4.94,7365,4,3.66,4.74,150,847,0
Tymon Kolasiński,Male,Poland,Rubik's North America All-Stars 2024,Final,1,3.92,4.9,7365,3,3.66,4.74,150,27,0
Tymon Kolasiński,Male,Poland,Oslo Open 2024,Final,1,4.79,5.29,7365,4,3.66,4.74,150,128,0
Tymon Kolasiński,Male,Poland,Gniezno Open 2024,Final,1,4.88,5.61,7365,3,3.66,4.74,150,56,0
Tymon Kolasiński,Male,Poland,Cube4fun in Bełchatów 2024,Final,1,3.79,4.74,7365,3,3.66,4.74,150,98,0
Tymon Kolasiński,Male,Poland,Cube4fun in Biała Rawska 2024,Final,1,4.28,5.36,7365,3,3.66,4.74,150,72,0
Tymon Kolasiński,Male,Poland,Stevenage May 2024,Final,1,5.11,5.57,7365,4,3.66,4.74,150,183,0
Tymon Kolasiński,Male,Poland,Stevenage April 2024,Final,1,4.14,5.15,7365,3,3.66,4.74,150,188,0
Tymon Kolasiński,Male,Poland,Ohio State RPAC Cube Clash 2024,Final,1,4.5,5.22,7365,4,3.66,4.74,150,126,0
Tymon Kolasiński,Male,Poland,Glasgow Spring 2024,Final,1,4.88,5.77,7365,3,3.66,4.74,150,188,0
Tymon Kolasiński,Male,Poland,Flatåsen Open 2024,Final,1,5.05,5.51,7365,3,3.66,4.74,150,67,0
Tymon Kolasiński,Male,Poland,Melbourne Summer 2024,Final,1,5.34,5.81,7365,4,3.66,4.74,150,382,0
Tymon Kolasiński,Male,Poland,Tassie Summer 2024,Final,1,5.32,5.53,7365,3,3.66,4.74,150,64,0
Tymon Kolasiński,Male,Poland,Cubing at The Cube 2024,Final,1,5.26,5.8,7365,4,3.66,4.74,150,181,0
Claudio Matias Cancino Bruna,Male,Chile,Cubi Koronel 2024,Final,1,6.33,7.09,1804,3,3.74,6.27,50,33,0
Claudio Matias Cancino Bruna,Male,Chile,Rubik's WCA South American Championship 2024,Final,6,6.51,7.38,1804,4,3.74,6.27,50,287,1
Claudio Matias Cancino Bruna,Male,Chile,Warm Up SAC Santiago 2024,Final,1,6.17,7.72,1804,2,3.74,6.27,50,55,0
Claudio Matias Cancino Bruna,Male,Chile,Viña Open 2024,Final,1,7.01,7.43,1804,3,3.74,6.27,50,38,2
Claudio Matias Cancino Bruna,Male,Chile,Latorre Open Cubos CL 2024,Final,2,7.12,8.23,1804,3,3.74,6.27,50,29,0
Claudio Matias Cancino Bruna,Male,Chile,Concepción al Cubo V2 2024,Final,1,6.17,7.97,1804,3,3.74,6.27,50,43,0
Claudio Matias Cancino Bruna,Male,Chile,Patio Cubik Lite 2024,Final,2,6.51,7.69,1804,3,3.74,6.27,50,62,0
Claudio Matias Cancino Bruna,Male,Chile,CubiTomé 2024,Final,1,5.19,7.21,1804,2,3.74,6.27,50,42,0
Claudio Matias Cancino Bruna,Male,Chile,Curicó al Cubo 2024,Final,1,5.99,7.05,1804,3,3.74,6.27,50,19,1
Claudio Matias Cancino Bruna,Male,Chile,Sparking Back To School Santiago 2024,Final,1,5.57,6.71,1804,2,3.74,6.27,50,16,0
Claudio Matias Cancino Bruna,Male,Chile,Patio Cubik Open 2024,Final,1,5.9,6.74,1804,3,3.74,6.27,50,68,1
Claudio Matias Cancino Bruna,Male,Chile,Viña Masters 2024,Final,1,6.54,7.27,1804,3,3.74,6.27,50,39,0
Claudio Matias Cancino Bruna,Male,Chile,Lions in Baquedano Cubing 2024,Final,1,6.63,7.39,1804,3,3.74,6.27,50,55,0
Claudio Matias Cancino Bruna,Male,Chile,Open Ovalle Summer 2024,Final,1,6.4,7.1,1804,3,3.74,6.27,50,22,0
Claudio Matias Cancino Bruna,Male,Chile,Peñablanca Open 2024,Final,1,5.85,7.5,1804,3,3.74,6.27,50,46,0
Claudio Matias Cancino Bruna,Male,Chile,Parquemet Cubing 2024,Final,1,6.52,7.26,1804,3,3.74,6.27,50,46,1
Claudio Matias Cancino Bruna,Male,Chile,Desafío Maipú NxN 2024,Final,1,5.81,6.65,1804,3,3.74,6.27,50,39,0
Claudio Matias Cancino Bruna,Male,Chile,CubiKonce 2024,Final,1,6.66,7.24,1804,3,3.74,6.27,50,76,0
Claudio Matias Cancino Bruna,Male,Chile,Montealegre Summer Open 2024,Final,1,7.01,7.74,1804,3,3.74,6.27,50,60,0
Caleb Chen,Male,United States,FSUbers 7.0 2024,Final,2,5.92,7.27,1067,3,3.79,5.58,37,103,0
Caleb Chen,Male,United States,Scenic City Scramble TN 2024,Final,2,5.78,6.65,1067,3,3.79,5.58,37,117,0
Caleb Chen,Male,United States,Beach Bash Jacksonville 2024,Final,1,3.79,6.71,1067,3,3.79,5.58,37,90,0
Caleb Chen,Male,United States,Rubik's WCA North American Championship 2024,Semi Final,41,6.13,8,1067,3,3.79,5.58,37,847,2
Caleb Chen,Male,United States,Rubik's North America All-Stars 2024,Final,8,4.84,6.82,1067,3,3.79,5.58,37,27,0
Caleb Chen,Male,United States,CubingUSA Southeast Championship 2024,Final,7,4.97,7.13,1067,4,3.79,5.58,37,359,2
Caleb Chen,Male,United States,Bama Big Cubes 2024,Final,1,4.67,5.63,1067,2,3.79,5.58,37,56,0
Caleb Chen,Male,United States,Concord Summer 2024,Final,1,4.24,6.41,1067,3,3.79,5.58,37,135,0
Caleb Chen,Male,United States,See Georgia: Lake Russell A 2024,Final,2,6.57,7.29,1067,3,3.79,5.58,37,65,2
Caleb Chen,Male,United States,Alabama Championship 2024,Final,3,6.4,7.01,1067,3,3.79,5.58,37,152,0
Caleb Chen,Male,United States,FSUbers 6.0 2024,Final,2,5.73,6.74,1067,3,3.79,5.58,37,91,0
Caleb Chen,Male,United States,Middle Georgia Speedsolving 2024,Final,1,5.39,6.71,1067,3,3.79,5.58,37,80,0
Caleb Chen,Male,United States,Upstate Palmetto Puzzles 2024,Final,1,5.75,6.95,1067,3,3.79,5.58,37,91,0
Caleb Chen,Male,United States,Clayton State Cubing 2024,Final,1,4.31,6.16,1067,3,3.79,5.58,37,94,0
Caleb Chen,Male,United States,Beat the Clock Westminster 2024,Final,1,5.57,6.22,1067,3,3.79,5.58,37,136,0
Caleb Chen,Male,United States,Volunteer State Cubing 2024,Final,3,6.68,7.25,1067,3,3.79,5.58,37,125,2
Caleb Chen,Male,United States,Cobb Cubes and Clocks 2024,Final,1,4.96,6.05,1067,2,3.79,5.58,37,107,0
Caleb Chen,Male,United States,Choo Choo Cubing A 2024,Final,1,5.86,6.12,1067,3,3.79,5.58,37,66,0
Ryan Pilat,Male,United States,DFW Back to School 2024,Final,1,5.39,6.46,7072,4,3.86,5.99,110,183,0
Ryan Pilat,Male,United States,CubingUSA Southern Championship 2024,Final,2,6.05,6.59,7072,4,3.86,5.99,110,182,0
Ryan Pilat,Male,United States,Rubik's WCA North American Championship 2024,Final,9,5.26,6.65,7072,4,3.86,5.99,110,847,0
Ryan Pilat,Male,United States,Rubik's North America All-Stars 2024,Second Round,12,5.02,6.78,7072,2,3.86,5.99,110,27,0
Ryan Pilat,Male,United States,Richardson Cubing Afternoon 2024,Final,1,6.79,7.41,7072,3,3.86,5.99,110,89,1
Ryan Pilat,Male,United States,Oklahoma Championship 2024,Final,1,5.94,6.74,7072,3,3.86,5.99,110,60,0
Ryan Pilat,Male,United States,DFW Cubing Summer 2024,Final,2,5.82,8.26,7072,4,3.86,5.99,110,132,0
Ryan Pilat,Male,United States,Don't Pop Austin 2024,Final,1,5.76,6.83,7072,3,3.86,5.99,110,70,0
Ryan Pilat,Male,United States,Arizona Championship 2024,Final,1,6.32,6.85,7072,3,3.86,5.99,110,103,1
Ryan Pilat,Male,United States,Kansas Championship 2024,Final,2,6.34,7.5,7072,3,3.86,5.99,110,54,1
Ryan Pilat,Male,United States,DFW Cubing Spring 2024,Final,2,5.62,6.86,7072,4,3.86,5.99,110,177,0
Ryan Pilat,Male,United States,DFW Eclipse Cubing 2024,Final,2,5.73,7.1,7072,4,3.86,5.99,110,104,0
Ryan Pilat,Male,United States,DFW Minicomp A 2024,Final,1,6.54,7.37,7072,3,3.86,5.99,110,34,0
Ryan Pilat,Male,United States,DFW Megacomp 2024,Final,3,6.08,7.45,7072,4,3.86,5.99,110,184,0
Ryan Pilat,Male,United States,Wichita Family ArtVenture 2024,Final,1,6.7,7.23,7072,3,3.86,5.99,110,62,0
Ryan Pilat,Male,United States,OKC Cube-Off Winter 2024,Final,1,5.71,6.22,7072,3,3.86,5.99,110,95,0
Ryan Pilat,Male,United States,DFW Cubing Winter 2024,Final,2,6.17,7.15,7072,4,3.86,5.99,110,117,0
Ryan Pilat,Male,United States,UCO Cubing Winter 2024,Final,1,5.92,6.85,7072,3,3.86,5.99,110,59,0
Ryan Pilat,Male,United States,DFW Winter Variation 2024,Final,1,5.96,6.67,7072,4,3.86,5.99,110,139,0
Ryan Pilat,Male,United States,Space City Winter 2024,Final,1,5.91,6.92,7072,3,3.86,5.99,110,124,1
Yufang Du (杜昱方),Male,China,Deqing Big Cubes Summer 2024,Final,1,3.86,5.29,235,3,3.86,5.09,15,139,0
Yufang Du (杜昱方),Male,China,Xi'an Open 2024,Final,3,4.42,5.38,235,4,3.86,5.09,15,272,0
Yufang Du (杜昱方),Male,China,Chengdu Summer 2024,Final,4,5.15,5.89,235,3,3.86,5.09,15,217,0
Yufang Du (杜昱方),Male,China,Tianjin Open 2024,Final,1,4.84,5.66,235,3,3.86,5.09,15,190,0
Yufang Du (杜昱方),Male,China,Zibo Open 2024,Final,2,5.12,5.53,235,3,3.86,5.09,15,135,0
Yufang Du (杜昱方),Male,China,Nanchang Spring 2024,Final,2,4.56,5.41,235,3,3.86,5.09,15,138,0
Yufang Du (杜昱方),Male,China,Shenyang Spring 2024,Final,2,4.74,5.54,235,3,3.86,5.09,15,281,0
Yufang Du (杜昱方),Male,China,Xuzhou Open 2024,Final,3,4.86,5.85,235,3,3.86,5.09,15,187,0
Yufang Du (杜昱方),Male,China,Hangzhou Spring 2024,Final,2,4.79,5.31,235,3,3.86,5.09,15,155,0
Jode Brewster,Male,Australia,Hobart Winter 2024,Final,1,5.22,6.57,3516,2,3.88,5.72,48,37,0
Jode Brewster,Male,Australia,Australian Nationals 2024,Final,6,6.66,7.7,3516,4,3.88,5.72,48,324,0
Jode Brewster,Male,Australia,Queensland Open 2024,Final,4,7.41,7.81,3516,4,3.88,5.72,48,265,1
Jode Brewster,Male,Australia,Try Cubing Hobart 2024,Final,1,7.84,8.3,3516,2,3.88,5.72,48,44,1
Jode Brewster,Male,Australia,Try Cubing Saint Helens 2024,Final,1,6.5,7.45,3516,2,3.88,5.72,48,20,0
Jode Brewster,Male,Australia,Brilliant Ballarat 2024,Final,1,6.33,7.16,3516,3,3.88,5.72,48,86,0
Jode Brewster,Male,Australia,Try Cubing Burnie 2024,Final,2,6.98,8.11,3516,2,3.88,5.72,48,29,0
Jode Brewster,Male,Australia,Melbourne Summer 2024,Final,6,6.08,7.17,3516,4,3.88,5.72,48,382,1
Jode Brewster,Male,Australia,Tassie Summer 2024,Final,4,7.11,7.45,3516,3,3.88,5.72,48,64,0
Asher Kim-Magierek,Male,United States,Rubik's WCA North American Championship 2024,Semi Final,66,4.46,8.63,3640,3,3.89,5.9,66,847,0
Asher Kim-Magierek,Male,United States,CubingUSA Northwest Championship 2024,Final,6,7.12,7.3,3640,4,3.89,5.9,66,256,0
Asher Kim-Magierek,Male,United States,Hillsboro Favorites 2024,Final,1,5.66,6.62,3640,2,3.89,5.9,66,83,1
Asher Kim-Magierek,Male,United States,PortlaNxNd 2024,Final,2,6.09,7.02,3640,3,3.89,5.9,66,115,1
Asher Kim-Magierek,Male,United States,Olympia Classic 2024,Final,1,5.04,6.61,3640,3,3.89,5.9,66,140,2
Asher Kim-Magierek,Male,United States,Couve Cubing Spring 2024,Final,2,5.9,6.73,3640,3,3.89,5.9,66,90,1
Asher Kim-Magierek,Male,United States,Eugene Ice Cubing 2024,Final,1,5.87,6.53,3640,3,3.89,5.9,66,112,0
Bofan Zhang (张博藩),Male,China,Deqing Small Cubes Summer 2024,Final,3,4.42,5.51,778,3,3.95,5.16,25,144,0
Bofan Zhang (张博藩),Male,China,Xi'an Open 2024,Final,6,5.17,6.09,778,4,3.95,5.16,25,272,0
Bofan Zhang (张博藩),Male,China,Huizhou 10th Anniversary 2024,Final,2,4.98,5.71,778,4,3.95,5.16,25,180,0
Bofan Zhang (张博藩),Male,China,Tianjin Open 2024,Final,4,5.38,5.8,778,3,3.95,5.16,25,190,1
Bofan Zhang (张博藩),Male,China,Nanchang Spring 2024,Final,1,4.44,5.25,778,3,3.95,5.16,25,138,1
Bofan Zhang (张博藩),Male,China,Xi'an Cherry Blossom 2024,Final,3,5.37,6.01,778,3,3.95,5.16,25,191,0
Bofan Zhang (张博藩),Male,China,Hangzhou Spring 2024,Final,3,5.18,5.56,778,3,3.95,5.16,25,155,0
Ruihang Xu (许瑞航),Male,China,Korean Championship 2024,Final,1,4,5.38,1817,4,4,4.84,39,287,0
Ruihang Xu (许瑞航),Male,China,Xi'an Open 2024,Final,4,4.72,5.56,1817,4,4,4.84,39,272,0
Ruihang Xu (许瑞航),Male,China,Chengdu Summer 2024,Final,1,5.42,5.54,1817,3,4,4.84,39,217,0
Ruihang Xu (许瑞航),Male,China,Huzhou Open 2024,Final,1,4.09,5.74,1817,3,4,4.84,39,186,1
Natthaphat Mahtani (ณัฐภัทร จี มาทานี),Male,Thailand,Samutprakarn Cube Open 2024,Final,3,5.36,7.83,3295,3,4.02,6.55,59,65,0
Natthaphat Mahtani (ณัฐภัทร จี มาทานี),Male,Thailand,Bangkok Cube Day Rainy 2024,Final,3,7.29,8.47,3295,3,4.02,6.55,59,117,0
Natthaphat Mahtani (ณัฐภัทร จี มาทานี),Male,Thailand,Cubing at Paradise Park Bangkok 2024,Final,2,6.16,7.34,3295,3,4.02,6.55,59,84,0
Natthaphat Mahtani (ณัฐภัทร จี มาทานี),Male,Thailand,Bangkok Summer 2024,Final,3,5.56,7.66,3295,2,4.02,6.55,59,88,0
Natthaphat Mahtani (ณัฐภัทร จี มาทานี),Male,Thailand,Robinson Latkrabang Cubing 2024,Final,3,6.91,7.55,3295,3,4.02,6.55,59,107,0
Natthaphat Mahtani (ณัฐภัทร จี มาทานี),Male,Thailand,Bangkok Cube Day Summer 2024,Final,2,5.41,7.11,3295,3,4.02,6.55,59,114,0
Natthaphat Mahtani (ณัฐภัทร จี มาทานี),Male,Thailand,Suankularb Open 2024,Final,4,7.4,8.39,3295,3,4.02,6.55,59,124,1
Natthaphat Mahtani (ณัฐภัทร จี มาทานี),Male,Thailand,Zeer Rangsit Cubing 2024,Final,4,6.51,8.39,3295,3,4.02,6.55,59,155,0
Natthaphat Mahtani (ณัฐภัทร จี มาทานี),Male,Thailand,Robinson Chonburi Cubing 2024,Final,4,7.27,8.21,3295,3,4.02,6.55,59,98,0
Natthaphat Mahtani (ณัฐภัทร จี มาทานี),Male,Thailand,Paradise Park NxNxN 2024,Final,9,6.14,8.5,3295,3,4.02,6.55,59,170,0
Natthaphat Mahtani (ณัฐภัทร จี มาทานี),Male,Thailand,Bangkok Cube Day Winter 2024,Final,3,4.02,7.94,3295,3,4.02,6.55,59,173,0
Max Siauw,Male,United States,CubingUSA Western Championship 2024,Final,2,5.4,6.51,8899,4,4.03,5.49,152,217,0
Max Siauw,Male,United States,Rubik's WCA North American Championship 2024,Semi Final,18,5.56,7.27,8899,3,4.03,5.49,152,847,1
Max Siauw,Male,United States,Rubik's North America All-Stars 2024,Second Round,11,6,6.66,8899,2,4.03,5.49,152,27,2
Max Siauw,Male,United States,Minnesota Warm Up 2024,Final,1,4.48,6.05,8899,3,4.03,5.49,152,140,0
Max Siauw,Male,United States,CubingUSA Northwest Championship 2024,Final,2,5.65,6.33,8899,4,4.03,5.49,152,256,0
Max Siauw,Male,United States,Bay Area Speedcubin' 63 - Atherton 2024,Final,2,5.72,6.53,8899,4,4.03,5.49,152,239,0
Max Siauw,Male,United States,Husky Pride Seattle 2024,Final,1,5.11,6.1,8899,3,4.03,5.49,152,99,0
Max Siauw,Male,United States,Bellingham Spring 2024,Final,2,6.06,6.56,8899,3,4.03,5.49,152,66,0
Max Siauw,Male,United States,Kent Spring 2024,Final,1,4.96,6.11,8899,3,4.03,5.49,152,119,0
Max Siauw,Male,United States,PortlaNxNd 2024,Final,1,5.55,6.78,8899,3,4.03,5.49,152,115,0
Max Siauw,Male,United States,Cubing at Carson 2024,Final,1,5.49,6.13,8899,3,4.03,5.49,152,114,0
Max Siauw,Male,United States,Lakewood Newcomers 2024,Final,3,5.88,6.7,8899,3,4.03,5.49,152,153,0
Max Siauw,Male,United States,Couve Cubing Spring 2024,Final,1,5.59,6.34,8899,3,4.03,5.49,152,90,0
Max Siauw,Male,United States,Kenmore Mini B 2024,Final,1,5.21,6.26,8899,2,4.03,5.49,152,38,0
Max Siauw,Male,United States,Tacoma Winter Twisters 2024,Final,1,5.95,6.38,8899,3,4.03,5.49,152,150,0
Max Siauw,Male,United States,Canada's Best in the West 2024,Final,5,7.75,7.87,8899,4,4.03,5.49,152,144,0
Ryan Tan,Male,Australia,Tramsheds III: August Sunday 2024,Final,2,6.54,7.95,285,3,4.03,6.93,11,109,0
Ryan Tan,Male,Australia,Tramsheds II: May Sunday 2024,Final,1,7.35,7.64,285,3,4.03,6.93,11,102,0
Ryan Tan,Male,Australia,Cubing at The Cube 2024,Final,11,7.24,8.86,285,4,4.03,6.93,11,181,0
Carson Widjaja,Male,United States,Westport Summer 2024,Final,1,5.83,6.51,3348,3,4.05,6.08,71,68,0
Carson Widjaja,Male,United States,Rubik's WCA North American Championship 2024,Semi Final,30,6.78,7.65,3348,3,4.05,6.08,71,847,0
Carson Widjaja,Male,United States,Rubik's North America All-Stars 2024,First Round,26,6.64,8.68,3348,1,4.05,6.08,71,27,1
Carson Widjaja,Male,United States,Pennsylvania Championship 2024,Final,1,5.73,6.42,3348,4,4.05,6.08,71,198,0
Carson Widjaja,Male,United States,Newark Academy Spring 2024,Final,2,6.07,6.35,3348,3,4.05,6.08,71,79,0
Carson Widjaja,Male,United States,New Jersey Championship 2024,Final,2,6.54,7.22,3348,4,4.05,6.08,71,195,0
Carson Widjaja,Male,United States,Berwick Spring 2024,Final,1,4.7,6.57,3348,3,4.05,6.08,71,45,0
Carson Widjaja,Male,United States,Spring into Summit 2024,Final,2,6.01,6.57,3348,3,4.05,6.08,71,131,0
Carson Widjaja,Male,United States,It's About Time Bloomsburg 2024,Final,1,5.18,6.62,3348,3,4.05,6.08,71,77,0
Carson Widjaja,Male,United States,South Jersey Speedsolving 2024,Final,2,5.97,6.58,3348,3,4.05,6.08,71,82,0
Carson Widjaja,Male,United States,New-Cumberland County 2024,Final,3,6.23,6.8,3348,3,4.05,6.08,71,200,0
Carson Widjaja,Male,United States,NYU Winter 2024,Final,1,4.8,6.6,3348,3,4.05,6.08,71,61,1
Carson Widjaja,Male,United States,PBs in Palisades 2024,Final,1,5.83,6.37,3348,3,4.05,6.08,71,100,0
Carson Widjaja,Male,United States,Cubing in Mount Kisco 2024,Final,1,5.88,6.54,3348,3,4.05,6.08,71,62,0
Carson Widjaja,Male,United States,Empire State Winter 2024,Final,1,5.76,6.56,3348,3,4.05,6.08,71,90,0
Carson Widjaja,Male,United States,Parsippany Mini PM 2024,Final,1,6.29,7.09,3348,3,4.05,6.08,71,36,0
Carson Widjaja,Male,United States,Cubes on the Bayside Winter 2024,Final,2,6.47,6.62,3348,3,4.05,6.08,71,96,0
Radosław Marcinek,Male,Poland,Dębica Cubing Summer 2024,Final,2,5.64,6.86,1475,3,4.05,5.81,31,66,0
Radosław Marcinek,Male,Poland,Rubik's WCA European Championship 2024,Final,18,5.58,7.61,1475,4,4.05,5.81,31,1136,0
Radosław Marcinek,Male,Poland,Pilzno in the Mirror 2024,Final,1,5.38,6.2,1475,3,4.05,5.81,31,59,0
Radosław Marcinek,Male,Poland,Dragon Cubing I 2024,Final,2,6.07,6.58,1475,3,4.05,5.81,31,141,0
Radosław Marcinek,Male,Poland,SLS Maj 2024,Final,1,5.06,6.77,1475,2,4.05,5.81,31,48,0
Radosław Marcinek,Male,Poland,No Triangle in Rzeszów 2024,Final,1,6.19,6.52,1475,3,4.05,5.81,31,92,0
Radosław Marcinek,Male,Poland,Cube4fun Low Limits Jarosław 2024,Final,1,6.77,7.13,1475,3,4.05,5.81,31,46,0
Radosław Marcinek,Male,Poland,SLS Kwiecień 2024,Final,1,5.05,7.21,1475,3,4.05,5.81,31,48,0
Radosław Marcinek,Male,Poland,SLS Marzec 2024,Final,1,6.2,6.78,1475,2,4.05,5.81,31,50,0
Radosław Marcinek,Male,Poland,Dębica Cubing Winter 2024,Final,1,6.2,6.46,1475,3,4.05,5.81,31,58,0
Radosław Marcinek,Male,Poland,Rzeszów Open 2024,Final,1,4.7,6.77,1475,2,4.05,5.81,31,46,0
Radosław Marcinek,Male,Poland,SLS Styczeń 2024,Final,1,6.5,7.95,1475,2,4.05,5.81,31,36,1
Ianis Costin Chele,Male,Romania,Romanian Breaking Records 2024,Final,1,6.04,6.52,4891,3,4.07,6.27,73,64,0
Ianis Costin Chele,Male,Romania,Rubik's WCA European Championship 2024,Final,8,5.85,6.5,4891,4,4.07,6.27,73,1136,0
Ianis Costin Chele,Male,Romania,Darmstadt Dodecahedron Days 2024,Final,1,5.64,6.71,4891,3,4.07,6.27,73,105,0
Ianis Costin Chele,Male,Romania,It's Sarzana O'Clock 2024,Final,2,6.29,6.79,4891,3,4.07,6.27,73,82,0
Ianis Costin Chele,Male,Romania,Bucharest Cubing June 2024,Final,1,5.23,6.58,4891,3,4.07,6.27,73,40,0
Ianis Costin Chele,Male,Romania,Katerini Beach Open 2024,Final,1,6.3,7.29,4891,3,4.07,6.27,73,99,1
Ianis Costin Chele,Male,Romania,Romanian 24h Championship 2024,Final,1,6.34,6.57,4891,3,4.07,6.27,73,50,0
Ianis Costin Chele,Male,Romania,Lodi Speedcubing 2024,Final,1,5.06,6.33,4891,3,4.07,6.27,73,103,0
Ianis Costin Chele,Male,Romania,Bucharest Cubing April B 2024,Final,1,6.06,6.99,4891,3,4.07,6.27,73,25,0
Ianis Costin Chele,Male,Romania,Budapest Spring 2024,Final,2,5.78,7.56,4891,3,4.07,6.27,73,76,0
Ianis Costin Chele,Male,Romania,Bucharest Cubing March A 2024,Final,1,6.11,7.19,4891,3,4.07,6.27,73,36,0
Ianis Costin Chele,Male,Romania,Osijek Open 2024,Final,2,5.81,7.28,4891,3,4.07,6.27,73,59,0
Ianis Costin Chele,Male,Romania,Bucharest Cubing February B 2024,Final,1,4.07,6.27,4891,3,4.07,6.27,73,32,1
Ianis Costin Chele,Male,Romania,Dębica Cubing Winter 2024,Final,2,5.55,7.04,4891,3,4.07,6.27,73,58,1
Sebastian Stone,Male,United States,SacCubing XVIII 2024,Final,9,7.99,8.83,1702,3,4.08,7.96,48,109,0
Sebastian Stone,Male,United States,Bay Area Speedcubin' 64 LIVE - SSF 2024,Final,8,7.48,8.78,1702,3,4.08,7.96,48,112,0
Sebastian Stone,Male,United States,Davis Summer 2024,Final,6,7.82,8.96,1702,3,4.08,7.96,48,113,0
Sebastian Stone,Male,United States,Rubik's WCA North American Championship 2024,Semi Final,58,7.59,8.36,1702,3,4.08,7.96,48,847,0
Sebastian Stone,Male,United States,Folsom Summer 2024,Final,2,7.75,8.35,1702,3,4.08,7.96,48,98,0
Sebastian Stone,Male,United States,Bay Area Speedcubin' 63 - Atherton 2024,Final,13,8.12,8.41,1702,4,4.08,7.96,48,239,0
Sebastian Stone,Male,United States,Berkeley Summer 2024,Final,15,7.13,9.29,1702,3,4.08,7.96,48,154,0
Sebastian Stone,Male,United States,Reno Summer 2024,Final,2,6.97,8.16,1702,3,4.08,7.96,48,35,0
Sebastian Stone,Male,United States,Bay Area Speedcubin' 62 LIVE - SSF 2024,Final,8,7.05,8.98,1702,3,4.08,7.96,48,88,0
Sebastian Stone,Male,United States,SacCubing XVII 2024,Final,7,7.92,9.09,1702,3,4.08,7.96,48,95,1
Sebastian Stone,Male,United States,Claws Up Final Touchdown 2024,Final,3,7.78,8.4,1702,3,4.08,7.96,48,52,0
Sebastian Stone,Male,United States,Reno Mini Spring 2024,Final,2,7.73,8.68,1702,2,4.08,7.96,48,25,1
Sebastian Stone,Male,United States,Bay Area Speedcubin' 61 - San Jose 2024,Final,10,7.69,8.97,1702,3,4.08,7.96,48,186,1
Sebastian Stone,Male,United States,Chico Spring 2024,Final,5,4.08,8.97,1702,3,4.08,7.96,48,25,0
Sebastian Stone,Male,United States,Bay Area Speedcubin' 60 - Mountain View 2024,Second Round,20,7.79,10.14,1702,2,4.08,7.96,48,168,0
Sebastian Stone,Male,United States,Bay Area Speedcubin' 59 LIVE - SSF 2024,Final,5,6.85,8.24,1702,3,4.08,7.96,48,200,0
Sebastian Stone,Male,United States,Bay Area Speedcubin' 58 - Berkeley 2024,Second Round,19,8.62,10.2,1702,2,4.08,7.96,48,138,0
Sebastian Stone,Male,United States,Reno Spring 2024,Final,8,8.46,10.07,1702,3,4.08,7.96,48,46,0
Sebastian Stone,Male,United States,Davis Winter 2024,Final,15,7.84,10.49,1702,4,4.08,7.96,48,127,0
Sebastian Stone,Male,United States,Berkeley Winter 2024,Second Round,18,7.9,9.03,1702,2,4.08,7.96,48,251,0
Sebastian Stone,Male,United States,SacCubing XVI 2024,Second Round,22,7.25,9.45,1702,2,4.08,7.96,48,146,1
Sebastian Stone,Male,United States,Bay Area Speedcubin' 55 - San Ramon 2024,Final,15,7.61,10.27,1702,3,4.08,7.96,48,132,1
Sean Patrick Villanueva,Male,Philippines,A Twisty Day in Araneta 2024,Final,1,5.94,6.59,1970,3,4.11,5.45,62,72,0
Sean Patrick Villanueva,Male,Philippines,Philippine Championship 2024,Final,4,5.9,6.43,1970,4,4.11,5.45,62,171,0
Sean Patrick Villanueva,Male,Philippines,Clocked in Quezon City 2024,Final,1,5.01,5.45,1970,1,4.11,5.45,62,44,0
Sean Patrick Villanueva,Male,Philippines,Cavite Speedcubing Open VIII 2024,Final,2,6.09,6.41,1970,2,4.11,5.45,62,74,1
Sean Patrick Villanueva,Male,Philippines,San Jose del Monte Cube Open II 2024,Final,2,5.31,6.52,1970,2,4.11,5.45,62,97,0
Sean Patrick Villanueva,Male,Philippines,Quezon City Open II 2024,Final,3,6.24,6.94,1970,4,4.11,5.45,62,121,0
Sean Patrick Villanueva,Male,Philippines,General Trias Speedcubing Open III 2024,Final,1,5.44,6.82,1970,3,4.11,5.45,62,40,0
Sean Patrick Villanueva,Male,Philippines,Cavite Speedcubing Open VII 2024,Final,1,4.8,6.38,1970,2,4.11,5.45,62,34,0
Sean Patrick Villanueva,Male,Philippines,Luzon Championship 2024,Final,2,5.22,6.51,1970,3,4.11,5.45,62,84,0
Sean Patrick Villanueva,Male,Philippines,Beginner's SampaLuck 2024,Final,1,5.02,5.99,1970,3,4.11,5.45,62,44,0
Sean Patrick Villanueva,Male,Philippines,Katipunan One Big F2L 2024,Final,1,5.67,6.37,1970,3,4.11,5.45,62,75,0
Sean Patrick Villanueva,Male,Philippines,Cubing Battle of Katipunan 2024,Final,1,5.33,5.96,1970,3,4.11,5.45,62,71,0
Sean Patrick Villanueva,Male,Philippines,MnM Cube Cup 2024,Second Round,2,4.95,6.96,1970,2,4.11,5.45,62,79,0
Sean Patrick Villanueva,Male,Philippines,Santa Cruz Speedcubing 2024,Second Round,1,5.66,6.18,1970,2,4.11,5.45,62,44,0
Brennen Lin,Male,Canada,Ontario Championship 2024,Final,3,6.11,7.35,3252,4,4.14,5.63,72,229,0
Brennen Lin,Male,Canada,Rubik's WCA North American Championship 2024,Final,15,7.15,7.71,3252,4,4.14,5.63,72,847,0
Brennen Lin,Male,Canada,Rubik's North America All-Stars 2024,Second Round,14,6.1,7.17,3252,2,4.14,5.63,72,27,0
Brennen Lin,Male,Canada,Appleby Summer 2024,Final,2,6.92,7,3252,3,4.14,5.63,72,172,0
Brennen Lin,Male,Canada,Battle of Waterloo 2024,Final,1,5.93,6.96,3252,4,4.14,5.63,72,152,0
Brennen Lin,Male,Canada,Greater Toronto 2024,Final,2,6.11,7.2,3252,2,4.14,5.63,72,298,0
Brennen Lin,Male,Canada,Kingston Winter 2024,Final,1,6.56,7.6,3252,3,4.14,5.63,72,72,0
Brendyn Dunagan,Male,United States,La La Land 2024,Final,1,5.97,7.17,1823,4,4.15,5.94,29,234,0
Brendyn Dunagan,Male,United States,Rubik's WCA North American Championship 2024,Final,13,5.49,6.98,1823,4,4.15,5.94,29,847,1
Brendyn Dunagan,Male,United States,Agoura Cubing Returns 2024,Final,2,6.23,6.98,1823,3,4.15,5.94,29,117,0
Brendyn Dunagan,Male,United States,Temecula Valley Spring 2024,Final,2,6.46,7.1,1823,3,4.15,5.94,29,126,0
Brendyn Dunagan,Male,United States,Santa Barbara Cubing 2024,Final,2,6.47,7.23,1823,3,4.15,5.94,29,92,0
Brendyn Dunagan,Male,United States,Los Angeles Newcomers 2024,Final,2,5.98,6.5,1823,3,4.15,5.94,29,244,0
Brendyn Dunagan,Male,United States,USC Cubing 2024,Final,4,6.14,7.56,1823,3,4.15,5.94,29,183,0
Brendyn Dunagan,Male,United States,Poway Cubing Winter 2024,Final,1,5.7,6.59,1823,3,4.15,5.94,29,106,1
Feliks Zemdegs,Male,Australia,Kewbz UK Open 2024,Final,2,5.26,5.74,10153,4,4.16,5.53,153,337,1
Feliks Zemdegs,Male,Australia,Kensington May Saturday 2024,Final,2,5.19,6.87,10153,3,4.16,5.53,153,102,0
Feliks Zemdegs,Male,Australia,Solving In Sale 2024,Final,1,4.48,6.08,10153,3,4.16,5.53,153,77,0
Feliks Zemdegs,Male,Australia,Cubing at The Game Expo 2024,Final,1,6.14,6.66,10153,3,4.16,5.53,153,94,0
Feliks Zemdegs,Male,Australia,Melbourne Summer 2024,Final,2,5.93,6.22,10153,4,4.16,5.53,153,382,0
Feliks Zemdegs,Male,Australia,Tassie Summer 2024,Final,3,6.09,6.78,10153,3,4.16,5.53,153,64,0
Seung Hyuk Nahm (남승혁),Male,Republic of Korea,Korean Championship 2024,Final,2,5.3,5.64,3537,4,4.17,5.64,68,287,0
Seung Hyuk Nahm (남승혁),Male,Republic of Korea,Rubik's WCA North American Championship 2024,Final,10,5.63,6.69,3537,4,4.17,5.64,68,847,1
Seung Hyuk Nahm (남승혁),Male,Republic of Korea,Philippine Championship 2024,Final,3,5.12,6.25,3537,4,4.17,5.64,68,171,0
Seung Hyuk Nahm (남승혁),Male,Republic of Korea,Korea Qualifier - Seoul C 2024,Final,1,5.28,6.23,3537,1,4.17,5.64,68,45,0
Seung Hyuk Nahm (남승혁),Male,Republic of Korea,Prime Cubing Day Seoul 2024,Final,1,4.26,5.9,3537,2,4.17,5.64,68,190,0
Seung Hyuk Nahm (남승혁),Male,Republic of Korea,Busan Spring 2024,Final,1,5.16,6.4,3537,3,4.17,5.64,68,231,0
Seung Hyuk Nahm (남승혁),Male,Republic of Korea,Anyang Haseyo 2024,Final,1,5.61,6.56,3537,2,4.17,5.64,68,161,0
Seung Hyuk Nahm (남승혁),Male,Republic of Korea,Paradise Park NxNxN 2024,Final,1,5.43,6.65,3537,3,4.17,5.64,68,170,0
Seung Hyuk Nahm (남승혁),Male,Republic of Korea,Daegu Cold Winter 2024,Final,2,6.24,7.63,3537,3,4.17,5.64,68,235,0
Seung Hyuk Nahm (남승혁),Male,Republic of Korea,NxN in Hanoi 2024,Final,2,6.22,6.8,3537,3,4.17,5.64,68,119,0
Seung Hyuk Nahm (남승혁),Male,Republic of Korea,Seoul Open 2024,Final,1,5.62,6.29,3537,3,4.17,5.64,68,276,0
Riley Dexter,Male,Australia,Australian Nationals 2024,Final,3,6.32,6.84,4585,4,4.19,6,70,324,0
Riley Dexter,Male,Australia,Solving In Sale 2024,Final,2,5.48,6.38,4585,3,4.19,6,70,77,1
Riley Dexter,Male,Australia,Melbourne Summer 2024,Final,3,5.62,6.56,4585,4,4.19,6,70,382,1
Agustín Mera Landa,Male,Chile,Rubik's WCA South American Championship 2024,Semi Final,26,7.76,9.33,905,3,4.24,7.46,32,287,0
Agustín Mera Landa,Male,Chile,Warm Up SAC Santiago 2024,Final,3,7.03,8.16,905,2,4.24,7.46,32,55,0
Agustín Mera Landa,Male,Chile,Viña Open 2024,Final,4,6.99,8.75,905,3,4.24,7.46,32,38,1
Agustín Mera Landa,Male,Chile,Latorre Open Cubos CL 2024,Final,3,8.09,8.42,905,3,4.24,7.46,32,29,0
Agustín Mera Landa,Male,Chile,Patio Cubik Lite 2024,Final,3,6.73,8.43,905,3,4.24,7.46,32,62,0
Agustín Mera Landa,Male,Chile,Club De Campo Cubing La Pintana 2024,Final,6,6.98,9.93,905,3,4.24,7.46,32,46,0
Agustín Mera Landa,Male,Chile,Viña Masters 2024,Final,3,7.66,8.36,905,3,4.24,7.46,32,39,0
Agustín Mera Landa,Male,Chile,Lions in Baquedano Cubing 2024,Final,3,6.81,8.38,905,3,4.24,7.46,32,55,0
Agustín Mera Landa,Male,Chile,Peñablanca Open 2024,Final,3,7.77,8.53,905,3,4.24,7.46,32,46,0
Agustín Mera Landa,Male,Chile,Parquemet Cubing 2024,Final,3,7.26,8.13,905,3,4.24,7.46,32,46,0
Agustín Mera Landa,Male,Chile,Desafío Maipú NxN 2024,Final,3,4.24,8.56,905,3,4.24,7.46,32,39,0
Agustín Mera Landa,Male,Chile,CubiKonce 2024,Final,2,6.89,7.46,905,3,4.24,7.46,32,76,0
Magdalena Pabisz,Female,Poland,Energy Cube Tomaszów Mazowiecki 2024,Final,6,7.73,8.14,6526,3,4.24,7.11,68,144,0
Magdalena Pabisz,Female,Poland,Dębica Cubing Summer 2024,Final,4,5.94,7.4,6526,3,4.24,7.11,68,66,0
Magdalena Pabisz,Female,Poland,Rubik's WCA European Championship 2024,Semi Final,30,6.85,7.25,6526,3,4.24,7.11,68,1136,0
Magdalena Pabisz,Female,Poland,Pilzno in the Mirror 2024,Final,3,6.62,7.53,6526,3,4.24,7.11,68,59,1
Magdalena Pabisz,Female,Poland,Dragon Cubing I 2024,Final,8,7.77,8.43,6526,3,4.24,7.11,68,141,0
Magdalena Pabisz,Female,Poland,SLS Maj 2024,Final,5,7.1,7.78,6526,2,4.24,7.11,68,48,0
Magdalena Pabisz,Female,Poland,No Triangle in Rzeszów 2024,Final,3,6.68,7.33,6526,3,4.24,7.11,68,92,0
Magdalena Pabisz,Female,Poland,SLS Kwiecień 2024,Final,3,7.27,7.44,6526,3,4.24,7.11,68,48,0
Magdalena Pabisz,Female,Poland,SLS Marzec 2024,Final,4,6.4,8.09,6526,2,4.24,7.11,68,50,0
Magdalena Pabisz,Female,Poland,Castle Mania Niepołomice 2024,Final,1,5.45,7.58,6526,3,4.24,7.11,68,58,0
Magdalena Pabisz,Female,Poland,Dębica Cubing Winter 2024,Final,5,4.24,8.07,6526,3,4.24,7.11,68,58,0
Patrick Ponce,Male,United States,Heerenveen Open 2024,Final,2,6.01,6.71,6375,3,4.24,5.57,128,166,1
Patrick Ponce,Male,United States,Leersum Algs 24 Hours in 2024,Final,3,5.45,6.38,6375,3,4.24,5.57,128,97,1
Patrick Ponce,Male,United States,Rubik's WCA European Championship 2024,Final,6,5.2,6.47,6375,4,4.24,5.57,128,1136,0
Patrick Ponce,Male,United States,Capelle Cubing 2024,Final,1,5.81,6.6,6375,3,4.24,5.57,128,190,0
Patrick Ponce,Male,United States,Baztan Open 2024,Final,1,5.95,6.86,6375,3,4.24,5.57,128,60,0
Patrick Ponce,Male,United States,Arnhem Open A 2024,Final,2,5.39,6.2,6375,3,4.24,5.57,128,183,0
Patrick Ponce,Male,United States,Wiltshire February 2024,Final,1,5.3,5.97,6375,3,4.24,5.57,128,129,1
Patrick Ponce,Male,United States,Dutch Winter South 2024,Final,2,5.47,7.09,6375,3,4.24,5.57,128,178,0
Patrick Ponce,Male,United States,Leersum Algs 2024,Final,1,5.17,6,6375,4,4.24,5.57,128,182,0
Dylan Miller,Male,United States,Fleur-de-Lis Fall LA 2024,Final,1,4.7,6.22,5959,3,4.26,5.39,115,63,0
Dylan Miller,Male,United States,Mississippi Cubing Dawgs 2024,Final,1,5.55,6.33,5959,3,4.26,5.39,115,67,0
Dylan Miller,Male,United States,CubingUSA Southern Championship 2024,Final,3,5.87,6.77,5959,4,4.26,5.39,115,182,0
Dylan Miller,Male,United States,Rubik's WCA North American Championship 2024,Semi Final,26,5.95,7.47,5959,3,4.26,5.39,115,847,0
Dylan Miller,Male,United States,Rubik's North America All-Stars 2024,Final,4,5.25,6.2,5959,3,4.26,5.39,115,27,0
Dylan Miller,Male,United States,Minnesota Warm Up 2024,Final,2,5.22,6.18,5959,3,4.26,5.39,115,140,0
Dylan Miller,Male,United States,Cajun Cube Clash 2024,Final,1,5.54,6.12,5959,3,4.26,5.39,115,56,1
Dylan Miller,Male,United States,CubingUSA Southeast Championship 2024,Final,1,4.36,5.72,5959,4,4.26,5.39,115,359,0
Dylan Miller,Male,United States,Louisiana Championship 2024,Final,1,5.33,6.6,5959,3,4.26,5.39,115,76,0
Dylan Miller,Male,United States,Alabama Championship 2024,Final,2,5.81,6.43,5959,3,4.26,5.39,115,152,0
Dylan Miller,Male,United States,Saint John's Showdown 2024,Final,1,5.93,6.27,5959,3,4.26,5.39,115,88,0
Dylan Miller,Male,United States,Turning at Tompkins Spring 2024,Final,1,5.27,5.99,5959,3,4.26,5.39,115,89,0
Dylan Miller,Male,United States,Red Stick Spring 2024,Second Round,1,5.19,6.32,5959,2,4.26,5.39,115,56,1
Dylan Miller,Male,United States,DFW Megacomp 2024,Final,1,5.65,6.9,5959,4,4.26,5.39,115,184,0
Dylan Miller,Male,United States,Bayou Big Cubes 2024,Final,1,4.46,5.83,5959,3,4.26,5.39,115,41,0
Dylan Miller,Male,United States,Cube Against Cancer Texas 2024,Final,1,5.29,6.15,5959,4,4.26,5.39,115,128,0
Dylan Miller,Male,United States,Cardinal Cube Day 2024,Final,1,5.86,6.24,5959,3,4.26,5.39,115,105,0
Dylan Miller,Male,United States,WPI Winter 2024,Final,1,5.05,6.1,5959,3,4.26,5.39,115,94,1
Dylan Miller,Male,United States,Baton Rouge Winter 2024,Final,1,5.29,6.27,5959,3,4.26,5.39,115,52,0
Kyle Santucci,Male,Canada,Solved Central Alberta 2024,Final,1,5.33,6.96,2114,2,4.26,5.6,57,120,0
Kyle Santucci,Male,Canada,Cubing Among the Drumheller Dinosaurs 2024,Final,1,5.22,5.64,2114,3,4.26,5.6,57,135,0
Kyle Santucci,Male,Canada,Rubik's WCA European Championship 2024,Final,5,5.94,6.46,2114,4,4.26,5.6,57,1136,0
Kyle Santucci,Male,Canada,Rubik's WCA North American Championship 2024,Final,5,5.97,6.2,2114,4,4.26,5.6,57,847,0
Kyle Santucci,Male,Canada,NA Stadium Series - Edmonton 2024,Final,1,5.54,6.13,2114,2,4.26,5.6,57,118,0
Kyle Santucci,Male,Canada,Edmonton River Valley Rumble 2024,Final,1,5.9,6.49,2114,2,4.26,5.6,57,63,0
Kyle Santucci,Male,Canada,The Battlefords: Cubers Strike Back 2024,Final,1,5.68,6.19,2114,3,4.26,5.6,57,32,0
Kyle Santucci,Male,Canada,Mother Earth's Charter Spring 2024,Final,1,5.88,6.43,2114,2,4.26,5.6,57,118,0
Kyle Santucci,Male,Canada,Richmond Rumble 2024,Final,1,5.6,6.56,2114,3,4.26,5.6,57,81,1
Kyle Santucci,Male,Canada,New to Sherwood Park 2024,Final,1,5.46,6.25,2114,3,4.26,5.6,57,143,0
Kyle Santucci,Male,Canada,Battle of Alberta 2024,Final,1,5.12,7.12,2114,2,4.26,5.6,57,116,1
Kyle Santucci,Male,Canada,Vegas Cubing Cup Winter 2024,Final,1,5.52,6,2114,2,4.26,5.6,57,106,1
Kyle Santucci,Male,Canada,Cubing Above the Dinosaurs 2024,Final,1,5.48,6.28,2114,1,4.26,5.6,57,118,0
Kyle Santucci,Male,Canada,Canada's Best in the West 2024,Final,1,4.35,6.73,2114,4,4.26,5.6,57,144,0
Kaichen Huang (黄楷宸),Male,China,Deqing Big Cubes Summer 2024,Final,6,5.77,6.72,241,3,4.28,5.81,8,139,0
Kaichen Huang (黄楷宸),Male,China,Xi'an Open 2024,Final,9,6.13,7.29,241,4,4.28,5.81,8,272,0
Kaichen Huang (黄楷宸),Male,China,Chengdu Summer 2024,Final,14,5.94,7.76,241,3,4.28,5.81,8,217,0
Kaichen Huang (黄楷宸),Male,China,Guiyang Open 2024,Final,2,4.98,5.81,241,3,4.28,5.81,8,166,0
Kaichen Huang (黄楷宸),Male,China,Nanchang Spring 2024,Final,5,5.56,6.25,241,3,4.28,5.81,8,138,0
Lingkun Jiang (姜凌坤),Male,China,Dalian Open 2024,Final,6,5.88,6.34,674,3,4.28,5.58,29,192,0
Lingkun Jiang (姜凌坤),Male,China,Deqing Small Cubes Summer 2024,Final,6,5.25,6.98,674,3,4.28,5.58,29,144,0
Lingkun Jiang (姜凌坤),Male,China,Chengdu Summer 2024,Final,9,6.61,6.78,674,3,4.28,5.58,29,217,1
Lingkun Jiang (姜凌坤),Male,China,Dandong Yalu River Open 2024,Final,2,5.08,6,674,3,4.28,5.58,29,127,0
Lingkun Jiang (姜凌坤),Male,China,Tianjin Open 2024,Final,6,4.42,6.34,674,3,4.28,5.58,29,190,0
Lingkun Jiang (姜凌坤),Male,China,Guiyang Open 2024,Final,5,5.82,6.47,674,3,4.28,5.58,29,166,0
Lingkun Jiang (姜凌坤),Male,China,Zibo Open 2024,Final,5,4.57,6.42,674,3,4.28,5.58,29,135,0
Lingkun Jiang (姜凌坤),Male,China,Nanchang Spring 2024,Final,4,4.68,6.11,674,3,4.28,5.58,29,138,0
Lingkun Jiang (姜凌坤),Male,China,Xi'an Cherry Blossom 2024,Final,4,5.13,6.56,674,3,4.28,5.58,29,191,0
Lingkun Jiang (姜凌坤),Male,China,Xuzhou Open 2024,Final,5,5.89,6.26,674,3,4.28,5.58,29,187,0
Lingkun Jiang (姜凌坤),Male,China,Luoyang Spring 2024,Final,1,5.44,5.75,674,3,4.28,5.58,29,193,0
Lingkun Jiang (姜凌坤),Male,China,Hangzhou Spring 2024,Final,5,5.39,5.83,674,3,4.28,5.58,29,155,0
Leo Borromeo,Male,Philippines,Davao City Open 2024,Final,1,4.58,6.41,1706,3,4.31,5.24,47,77,0
Leo Borromeo,Male,Philippines,West Visayas Cube Masters 2024,Final,1,5.03,5.27,1706,3,4.31,5.24,47,51,0
Leo Borromeo,Male,Philippines,Philippine Championship 2024,Final,7,5.6,7.11,1706,4,4.31,5.24,47,171,1
Leo Borromeo,Male,Philippines,Cebu Cube Preview 2024,Final,1,4.89,6.63,1706,3,4.31,5.24,47,49,1
Leo Borromeo,Male,Philippines,Cebu Summer Open 2024,Final,1,5.29,5.85,1706,3,4.31,5.24,47,43,0
Nancy Liu,Female,United States,Aliso Niguel Summer 2024,Final,3,5.78,6.94,788,3,4.32,6.19,31,151,1
Nancy Liu,Female,United States,Bay Area Speedcubin' 63 - Atherton 2024,Final,4,6.85,7.15,788,4,4.32,6.19,31,239,0
Nancy Liu,Female,United States,Agoura Cubing Returns 2024,Final,4,5.55,7.51,788,3,4.32,6.19,31,117,0
Nancy Liu,Female,United States,Temecula Valley Spring 2024,Final,3,6.21,7.21,788,3,4.32,6.19,31,126,0
Nancy Liu,Female,United States,Los Angeles Newcomers 2024,Final,5,6.46,8.18,788,3,4.32,6.19,31,244,0
Nancy Liu,Female,United States,Orange County Newcomers 2024,Final,2,6.24,7.92,788,3,4.32,6.19,31,168,0
Nancy Liu,Female,United States,Triton Tricubealon 2024,Final,3,6.18,7.26,788,4,4.32,6.19,31,112,0
Nancy Liu,Female,United States,USC Cubing 2024,Final,3,5.58,7.19,788,3,4.32,6.19,31,183,0
Nancy Liu,Female,United States,University Heights Cubing Winter 2024,Final,2,5.95,7.22,788,3,4.32,6.19,31,99,0
Nancy Liu,Female,United States,UCSD Winter 2024,Final,2,5.4,7.07,788,3,4.32,6.19,31,168,0
Sebastian Weyer,Male,Germany,Gesté Une Fois 2024,Final,1,5.15,7.48,7303,3,4.32,6.07,166,98,0
Sebastian Weyer,Male,Germany,Champagne Open 2024,Final,3,5.7,6.86,7303,3,4.32,6.07,166,112,0
Sebastian Weyer,Male,Germany,Rubik's WCA European Championship 2024,Semi Final,22,6.6,7.09,7303,3,4.32,6.07,166,1136,0
Sebastian Weyer,Male,Germany,Warm Up Portugalete 2024,Final,5,5.64,6.52,7303,4,4.32,6.07,166,206,0
Sebastian Weyer,Male,Germany,FLIP Open 11: Road to Euros 2024,Final,1,5.01,6.49,7303,3,4.32,6.07,166,77,0
Sebastian Weyer,Male,Germany,Rheinland-Pfalz Open 2024,Final,2,6.65,6.87,7303,4,4.32,6.07,166,159,0
Sebastian Weyer,Male,Germany,Buchy Open 2024,Final,1,6.32,6.71,7303,3,4.32,6.07,166,95,0
Sebastian Weyer,Male,Germany,Tigery Open 2024,Final,3,6.11,6.43,7303,3,4.32,6.07,166,111,0
Sebastian Weyer,Male,Germany,Carquef'Open 2024,Final,2,6.58,7.67,7303,3,4.32,6.07,166,100,0
Sebastian Weyer,Male,Germany,Bayonne Atoutcubes Open 2024,Final,2,6.36,7.34,7303,4,4.32,6.07,166,132,0
Sebastian Weyer,Male,Germany,French Championship 2024,Final,4,5.76,6.78,7303,4,4.32,6.07,166,280,0
Sebastian Weyer,Male,Germany,Charente Open 2024,Final,2,6.46,7.17,7303,3,4.32,6.07,166,76,0
Sebastian Weyer,Male,Germany,Potablava Open 2024,Final,1,6.16,7.45,7303,3,4.32,6.07,166,45,0
Sebastian Weyer,Male,Germany,Chelles Open 2024,Final,1,6.11,6.58,7303,3,4.32,6.07,166,109,0
Sebastian Weyer,Male,Germany,Longjum'Open 2024,Final,3,6.35,7.07,7303,4,4.32,6.07,166,138,0
Ciarán Beahan,Male,Ireland,Dublin Summer Solving 2024,Final,1,5.68,7.65,7396,3,4.33,6.62,97,77,1
Ciarán Beahan,Male,Ireland,Rubik's WCA European Championship 2024,Semi Final,25,6.47,7.13,7396,3,4.33,6.62,97,1136,0
Ciarán Beahan,Male,Ireland,Warm Up Portugalete 2024,Final,17,6.65,8.35,7396,4,4.33,6.62,97,206,0
Ciarán Beahan,Male,Ireland,Rubik's Irish Championship 2024,Final,2,5.42,7.18,7396,4,4.33,6.62,97,202,0
Ciarán Beahan,Male,Ireland,Manchester June 2024,Final,3,6.45,7.96,7396,3,4.33,6.62,97,86,0
Ciarán Beahan,Male,Ireland,Belfast Summer 2024,Final,2,6.9,7.63,7396,3,4.33,6.62,97,107,0
Ciarán Beahan,Male,Ireland,Turnin' in Termonfeckin Sunday 2024,Final,1,6.27,6.7,7396,2,4.33,6.62,97,29,0
Ciarán Beahan,Male,Ireland,Kölner Kubing 2024,Final,4,6.43,8.28,7396,3,4.33,6.62,97,87,1
Ciarán Beahan,Male,Ireland,Weston-super-Mare Spring 2024,Final,2,6.74,7.93,7396,3,4.33,6.62,97,85,0
Ciarán Beahan,Male,Ireland,50 and Counting Ireland 2024,Final,1,5.97,6.83,7396,3,4.33,6.62,97,97,0
Ciarán Beahan,Male,Ireland,UCD Cube Days 2024,Final,1,6.31,7.28,7396,3,4.33,6.62,97,120,0
Ciarán Beahan,Male,Ireland,French Championship 2024,Second Round,11,7.35,7.65,7396,2,4.33,6.62,97,280,0
Ciarán Beahan,Male,Ireland,Turnin' Offaly Fast 2024,Final,1,6.5,6.68,7396,3,4.33,6.62,97,98,0
Ciarán Beahan,Male,Ireland,Cork Spring 2024,Final,1,6.3,7.18,7396,3,4.33,6.62,97,92,0
Ciarán Beahan,Male,Ireland,Corduff Cubing Sunday 2024,Final,1,6.15,7.06,7396,3,4.33,6.62,97,98,0
Ciarán Beahan,Male,Ireland,Gort-a Go Fast 2024,First Round,1,6.84,7.99,7396,1,4.33,6.62,97,94,0
Ciarán Beahan,Male,Ireland,Bristol Winter 2024,Final,2,6.07,7.89,7396,3,4.33,6.62,97,97,0
Ciarán Beahan,Male,Ireland,Rebel County Cubing 2024,Final,1,6.62,7.01,7396,3,4.33,6.62,97,78,0
Zhaokun Li (李昭昆),Male,China,Dalian Open 2024,Final,5,5.42,6.21,130,3,4.33,5.56,6,192,0
Zhaokun Li (李昭昆),Male,China,Dandong Yalu River Open 2024,Final,1,5.55,5.88,130,3,4.33,5.56,6,127,0
Zhaokun Li (李昭昆),Male,China,Tianjin Open 2024,Final,5,5.55,6.23,130,3,4.33,5.56,6,190,0
Zhaokun Li (李昭昆),Male,China,Guiyang Open 2024,Final,3,5.44,6.22,130,3,4.33,5.56,6,166,0
Zhaokun Li (李昭昆),Male,China,Zibo Open 2024,Final,6,5.27,6.55,130,3,4.33,5.56,6,135,0
Zhaokun Li (李昭昆),Male,China,Shenyang Spring 2024,Final,3,5.33,6.15,130,3,4.33,5.56,6,281,0